countyfips,COUNTYid,countyname,TotalVotes,TRUMP,CARSON,KASICH,RUBIO,CRUZ,WRITEIN,Winner,WinnerVotes,WinnerPct,
001,27001,Aitkin County,445,173,40,12,94,126,0,TRUMP,173,39%,
005,27005,Becker County,651,195,98,49,103,206,0,CRUZ,206,32%,
007,27007,Beltrami County,981,220,91,32,256,378,4,CRUZ,378,39%,
009,27009,Benton County,530,163,50,25,161,130,1,TRUMP,163,31%,
011,27011,Big Stone County,76,15,14,3,18,26,0,CRUZ,26,34%,
013,27013,Blue Earth County,1050,254,91,73,355,275,2,RUBIO,355,34%,
015,27015,Brown County,482,106,38,16,195,127,0,RUBIO,195,40%,
017,27017,Carlton County,1257,337,87,31,289,511,2,CRUZ,511,41%,
019,27019,Carver County,3234,654,178,192,1307,895,8,RUBIO,1307,40%,
021,27021,Cass County,718,234,65,26,159,234,0,Tie,,,
023,27023,Chippewa County,171,46,20,6,35,64,0,CRUZ,64,37%,
025,27025,Chisago County,1257,337,87,31,289,511,2,CRUZ,511,41%,
027,27027,Clay County,884,175,109,44,255,299,2,CRUZ,299,34%,
029,27029,Clearwater County,212,44,49,4,30,84,1,CRUZ,84,40%,
031,27031,Cook County,117,17,25,7,40,27,1,RUBIO,40,34%,
033,27033,Cottonwood County,282,60,45,18,56,103,0,CRUZ,103,37%,
035,27035,Crow Wing County,1546,407,141,78,413,504,3,CRUZ,504,33%,
039,27039,Dodge County,431,133,25,16,112,145,0,CRUZ,145,34%,
041,27041,Douglas County,791,202,114,31,222,221,1,RUBIO,222,28%,
043,27043,Faribault County,340,70,48,15,72,135,0,CRUZ,135,40%,
045,27045,Fillmore County,457,135,60,29,117,116,0,TRUMP,135,30%,
047,27047,Freeborn County,585,142,40,29,156,218,0,CRUZ,218,37%,
049,27049,Goodhue County,989,219,68,60,279,359,4,CRUZ,359,36%,
051,27051,Grant County,159,43,33,5,38,40,0,TRUMP,43,27%,
055,27055,Houston County,360,79,51,43,86,99,2,CRUZ,99,28%,
057,27057,Hubbard County,667,193,68,26,131,249,0,CRUZ,249,37%,
059,27059,Isanti County,899,228,89,14,225,342,1,CRUZ,342,38%,
061,27061,Itasca County,0,0,0,0,0,0,0,Tie,,,
063,27063,Jackson County,250,73,47,10,60,60,0,TRUMP,73,29%,
065,27065,Kanabec County,380,108,42,11,81,135,3,CRUZ,135,36%,
067,27067,Kandiyohi County,969,165,124,41,282,356,1,CRUZ,356,37%,
069,27069,Kittson County,72,12,15,2,19,24,0,CRUZ,24,33%,
071,27071,Koochiching County,156,54,21,3,33,45,0,TRUMP,54,35%,
073,27073,Lac Qui Parle County,128,41,19,7,26,35,0,TRUMP,41,32%,
075,27075,Lake County,225,74,30,7,46,67,1,TRUMP,74,33%,
077,27077,Lake of the Woods County,76,20,12,3,23,18,0,RUBIO,23,30%,
079,27079,Le Sueur County,589,163,37,27,174,188,0,CRUZ,188,32%,
081,27081,Lincoln County,100,21,13,11,24,31,0,CRUZ,31,31%,
083,27083,Lyon County,532,84,89,38,172,149,0,RUBIO,172,32%,
085,27085,McLeod County,794,207,86,19,185,297,0,CRUZ,297,37%,
087,27087,Mahnomen County,57,24,2,4,2,25,0,CRUZ,25,44%,
089,27089,Marshall County,149,28,25,3,40,53,0,CRUZ,53,36%,
091,27091,Martin County,412,104,40,15,109,143,1,CRUZ,143,35%,
093,27093,Meeker County,427,84,50,30,120,142,1,CRUZ,142,33%,
097,27097,Morrison County,804,207,71,21,257,246,2,RUBIO,257,32%,
099,27099,Mower County,590,171,70,32,153,162,2,TRUMP,171,29%,
101,27101,Murray County,214,40,27,14,67,66,0,RUBIO,67,31%,
103,27103,Nicollet County,651,150,40,63,225,171,2,RUBIO,225,35%,
105,27105,Nobles County,196,36,21,8,66,65,0,RUBIO,66,34%,
107,27107,Norman County,65,19,12,3,10,21,0,CRUZ,21,32%,
109,27109,Olmsted County,3433,771,342,269,1327,720,4,RUBIO,1327,39%,
111,27111,Otter Tail County,1435,314,198,76,386,459,2,CRUZ,459,32%,
113,27113,Pennington County,191,64,31,4,32,59,1,TRUMP,64,34%,
115,27115,Pine County,394,124,30,22,51,167,0,CRUZ,167,42%,
117,27117,Pipestone County,300,60,38,6,90,106,0,CRUZ,106,35%,
119,27119,Polk County,527,117,70,25,130,185,0,CRUZ,185,35%,
121,27121,Pope County,236,60,41,5,60,70,0,CRUZ,70,30%,
125,27125,Red Lake County,39,10,8,1,8,12,0,CRUZ,12,31%,
127,27127,Redwood County,283,70,19,16,104,73,1,RUBIO,104,37%,
129,27129,Renville County,265,77,33,17,64,74,0,TRUMP,77,29%,
131,27131,Rice County,1176,262,125,59,348,377,5,CRUZ,377,32%,
133,27133,Rock County,194,33,18,9,43,91,0,CRUZ,91,47%,
135,27135,Roseau County,328,77,55,13,61,122,0,CRUZ,122,37%,
137,27137,St. Louis County,1269,412,119,47,290,400,1,TRUMP,412,32%,
139,27139,Scott County,2727,673,155,107,857,930,5,CRUZ,930,34%,
143,27143,Sibley County,272,58,20,8,54,131,1,CRUZ,131,48%,
147,27147,Steele County,708,181,69,35,211,211,1,Tie,,,
149,27149,Stevens County,277,66,28,21,91,71,0,RUBIO,91,33%,
151,27151,Swift County,160,43,28,7,43,39,0,Tie,,,
153,27153,Todd County,562,158,57,17,151,179,0,CRUZ,179,32%,
155,27155,Traverse County,83,23,24,2,6,28,0,CRUZ,28,34%,
157,27157,Wabasha County,458,133,63,14,108,140,0,CRUZ,140,31%,
159,27159,Wadena County,420,139,59,24,88,110,0,TRUMP,139,33%,
161,27161,Waseca County,391,94,28,15,106,148,0,CRUZ,148,38%,
165,27165,Watonwan County,164,52,23,14,34,41,0,TRUMP,52,32%,
167,27167,Wilkin County,121,24,12,14,19,52,0,CRUZ,52,43%,
169,27169,Winona County,866,211,55,48,341,211,0,RUBIO,341,39%,
171,27171,Wright County,3264,706,231,90,949,1288,0,CRUZ,1288,39%,
173,27173,Yellow Medicine County,157,34,9,9,41,64,0,CRUZ,64,41%,
